PlayerYear,allstar_current,allstar_next,allstar_ever,yrs_played,seasonYYYY,offseason_trade,media_mktsize_post,google_trends,team_winpct_pre,WC_post,dpoy,smoy,mip,roy,PG,SG,SF,PF,C,Opp_MP_per_G,Opp_FGA_per_G,Opp_PTS,Opp_TRB_per_G,Opp_AST_per_G,Age,G,GS,FG_perc,3P_perc,2P_perc,eFG_perc,FT_perc,MP_per_G,FG_per_G,FGA_per_G,3P_per_G,3PA_per_G,2P_per_G,2PA_per_G,FT_per_G,FTA_per_G,ORB_per_G,DRB_per_G,TRB_per_G,AST_per_G,STL_per_G,BLK_per_G,TOV_per_G,PF_per_G,PTS,FG_per_36m,FGA_per_36m,3P_per_36m,3PA_per_36m,2P_per_36m,2PA_per_36m,FT_per_36m,FTA_per_36m,ORB_per_36m,DRB_per_36m,TRB_per_36m,AST_per_36m,STL_per_36m,BLK_per_36m,TOV_per_36m,PF_per_36m,PTS_per_36m,PER,TS_perc,3PAr,FTr,ORB_perc,DRB_perc,TRB_perc,AST_perc,STL_perc,BLK_perc,TOV_perc,USG_perc,OWS,DWS,WS,WS_per_48,OBPM,DBPM,BPM,VORP,FG_per_100p,FGA_per_100p,3P_per_100p,3PA_per_100p,2P_per_100p,2PA_per_100p,FT_per_100p,FTA_per_100p,ORB_per_100p,DRB_per_100p,TRB_per_100p,AST_per_100p,STL_per_100p,BLK_per_100p,TOV_per_100p,PF_per_100p,PTS_per_100p,ORtg,DRtg,P_G,P_GS,P_FG_perc,P_3P_perc,P_2P_perc,P_eFG_perc,P_FT_perc,P_MP_per_G,P_FG_per_G,P_FGA_per_G,P_3P_per_G,P_3PA_per_G,P_2P_per_G,P_2PA_per_G,P_FT_per_G,P_FTA_per_G,P_ORB_per_G,P_DRB_per_G,P_TRB_per_G,P_AST_per_G,P_STL_per_G,P_BLK_per_G,P_TOV_per_G,P_PF_per_G,P_PTS,P_FG_per_36m,P_FGA_per_36m,P_3P_per_36m,P_3PA_per_36m,P_2P_per_36m,P_2PA_per_36m,P_FT_per_36m,P_FTA_per_36m,P_ORB_per_36m,P_DRB_per_36m,P_TRB_per_36m,P_AST_per_36m,P_STL_per_36m,P_BLK_per_36m,P_TOV_per_36m,P_PF_per_36m,P_PTS_per_36m,P_PER,P_TS_perc,P_3PAr,P_FTr,P_ORB_perc,P_DRB_perc,P_TRB_perc,P_AST_perc,P_STL_perc,P_BLK_perc,P_TOV_perc,P_USG_perc,P_OWS,P_DWS,P_WS,P_WS_per_48,P_OBPM,P_DBPM,P_BPM,P_VORP,P_FG_per_100p,P_FGA_per_100p,P_3P_per_100p,P_3PA_per_100p,P_2P_per_100p,P_2PA_per_100p,P_FT_per_100p,P_FTA_per_100p,P_ORB_per_100p,P_DRB_per_100p,P_TRB_per_100p,P_AST_per_100p,P_STL_per_100p,P_BLK_per_100p,P_TOV_per_100p,P_PF_per_100p,P_PTS_per_100p,P_ORtg,P_DRtg
Mateen Cleaves2005,0,0,0,4,2005,0,1.85481,0,0.634146341,0,0,0,0,0,1,0,0,0,0,289.8,40.9,29.3,11.6,32,27,14,0,0.357,0,0.417,0.357,0.75,4.6,0.4,1,0,0.1,0.4,0.9,0.2,0.3,0.1,0.3,0.4,0.5,0.1,0,0.1,0.1,0.9,2.8,7.8,0,1.1,2.8,6.6,1.7,2.2,1.1,2.2,3.3,3.9,1.1,0,1.1,1.1,7.2,9.1,0.412,0.143,0.286,3.8,7.5,5.6,16.5,1.7,0,11.3,12.6,0,0,0,0.029,-2.7,-1.4,-4.1,0,4.2,11.8,0,1.7,4.2,10.1,2.5,3.4,1.7,3.4,5,5.9,1.7,0,1.7,1.7,10.9,102,113,0,0,0,0,0,0,0,0,0,0,0,0,0,0,0,0,0,0,0,0,0,0,0,0,0,0,0,0,0,0,0,0,0,0,0,0,0,0,0,0,0,0,0,0,0,0,0,0,0,0,0,0,0,0,0,0,0,0,0,0,0,0,0,0,0,0,0,0,0,0,0,0,0,0,0,0,0,0,0,0,0
Jermaine O'Neal2005,1,0,1,8,2005,0,0.99979,0,0.536585366,0,0,0,1,0,0,0,0,0,1,-47,-7.3,-5.4,-1.8,-6,26,44,41,0.452,0.167,0.454,0.453,0.754,34.8,8.8,19.4,0,0.1,8.8,19.3,6.7,8.9,1.9,6.9,8.8,1.9,0.6,2,3,3.9,24.3,9.1,20.1,0,0.1,9.1,20,6.9,9.2,2,7.1,9.1,1.9,0.6,2.1,3.1,4.1,25.1,22.9,0.52,0.007,0.458,6.7,23.3,15.1,12.8,0.9,4.4,11.3,36.2,1.3,2.5,3.8,0.118,-1.2,0.6,-0.6,0.5,13.9,30.7,0,0.2,13.9,30.5,10.6,14.1,3.1,10.9,14,3,0.9,3.2,4.7,6.2,38.4,102,101,13,13,0.365,0,0.37,0.365,0.75,36.6,5.9,16.2,0,0.2,5.9,16,4.2,5.5,1.6,6.4,8,2.2,0.5,2.6,2.8,3.7,16,5.8,16,0,0.2,5.8,15.7,4.1,5.4,1.6,6.3,7.9,2.2,0.5,2.6,2.7,3.6,15.7,12.3,0.429,0.014,0.341,5.2,20.7,12.9,14,0.8,5.7,12.9,28.4,-1,1,0,0,-5.9,4.1,-1.8,0,9.1,25,0,0.4,9.1,24.6,6.4,8.5,2.5,9.8,12.3,3.4,0.8,4,4.3,5.7,24.6,86,99
Eddie Gill2006,0,0,0,5,2006,0,0.99979,0,0.5,0,0,0,0,0,1,0,0,0,0,44.4,5,7.2,-2.4,-5.2,27,41,0,0.222,0.304,0.136,0.3,0.783,3,0.2,1.1,0.2,0.6,0.1,0.5,0.4,0.6,0,0.4,0.4,0.3,0.3,0,0.2,0.3,1.1,3,13.3,2.1,6.8,0.9,6.5,5.3,6.8,0,4.4,4.4,3.5,3.2,0.3,2.7,3.8,13.3,9.9,0.408,0.511,0.511,0,13.8,7.1,15.8,4.8,0.6,14,24.5,-0.2,0.3,0.1,0.02,-3.9,1.3,-2.5,0,4.4,19.7,3.1,10.1,1.3,9.7,7.9,10.1,0,6.6,6.6,5.3,4.8,0.4,3.9,5.7,19.7,85,97,2,0,0,0,0,0,0,0.5,0,0,0,0,0,0,0,0,0,0,0,0,0,0,0.5,0,0,0,0,0,0,0,0,0,0,0,0,0,0,0,0,36,0,0,-59.5,0,0,0,0,0,0,0,0,0,100,48.9,0,0,0,-1.572,-51,1.1,-49.9,0,0,0,0,0,0,0,0,0,0,0,0,0,0,0,55.5,0,0,0,117
Viktor Khryapa2006,0,0,0,1,2006,1,3.25137,0,0.256097561,0,0,0,0,0,0,0,0,1,0,136,16.4,14.6,1.6,3.9,23,69,53,0.462,0.333,0.474,0.477,0.694,21.6,2.3,5,0.1,0.4,2.1,4.5,1.1,1.6,1.7,2.8,4.4,1.3,0.7,0.4,1.2,3,5.8,3.8,8.3,0.2,0.7,3.6,7.5,1.9,2.7,2.8,4.7,7.4,2.1,1.2,0.7,2,5,9.7,11.5,0.516,0.088,0.325,9.1,15.8,12.4,9.8,1.8,1.5,17.7,15.1,0.6,0.7,1.3,0.042,-1.5,0.4,-1,0.4,5.8,12.6,0.4,1.1,5.4,11.5,2.8,4.1,4.2,7.1,11.3,3.2,1.8,1.1,3.1,7.7,14.8,102,111,0,0,0,0,0,0,0,0,0,0,0,0,0,0,0,0,0,0,0,0,0,0,0,0,0,0,0,0,0,0,0,0,0,0,0,0,0,0,0,0,0,0,0,0,0,0,0,0,0,0,0,0,0,0,0,0,0,0,0,0,0,0,0,0,0,0,0,0,0,0,0,0,0,0,0,0,0,0,0,0,0
Nick Van Exel2006,0,0,1,12,2006,0,0.92399,0,0.768292683,0,0,0,0,0,1,0,0,0,0,26.6,1,0.5,0.7,1.4,34,65,2,0.397,0.357,0.429,0.477,0.683,15.2,2.1,5.3,0.8,2.4,1.2,2.9,0.4,0.6,0.1,1.3,1.4,1.9,0.2,0,0.9,0.9,5.5,5,12.5,2,5.6,3,6.9,1,1.5,0.2,3.1,3.3,4.5,0.6,0.1,2.1,2.2,13,11,0.492,0.449,0.12,0.7,9.9,5.5,20.2,0.9,0.2,13.6,20.2,0.1,1.3,1.4,0.07,-1.4,-1.4,-2.8,-0.2,7.5,18.9,3,8.5,4.5,10.4,1.5,2.3,0.3,4.7,5,6.8,0.9,0.2,3.1,3.3,19.5,99,104,12,0,0.219,0.3,0.182,0.266,1,11.1,0.6,2.7,0.3,0.8,0.3,1.8,0.8,0.8,0.1,0.9,1,1.4,0.3,0.2,0.4,1.2,2.2,1.9,8.7,0.8,2.7,1.1,6,2.4,2.4,0.3,3,3.2,4.6,0.8,0.5,1.4,3.8,7,5.7,0.362,0.313,0.281,1,10,5.8,18.5,1.2,1.1,12.2,15,-0.1,0,-0.1,-0.034,-4.1,-0.7,-4.8,-0.1,2.9,13.1,1.2,4.1,1.6,9,3.7,3.7,0.4,4.5,4.9,7,1.2,0.8,2,5.7,10.6,88,114
Rasual Butler2007,0,0,0,4,2007,0,0.62402,0,0.475609756,0,0,0,0,0,0,0,1,0,0,-48.5,-7,-8.6,1.6,4.5,27,81,38,0.398,0.369,0.424,0.484,0.644,27.4,3.9,9.7,1.7,4.5,2.2,5.2,0.7,1.1,0.5,2.6,3.2,0.8,0.5,0.7,0.8,1.8,10.1,5.1,12.8,2.2,5.9,2.9,6.9,0.9,1.4,0.7,3.5,4.1,1,0.6,0.9,1.1,2.4,13.2,10.8,0.495,0.461,0.11,2.1,11.4,6.7,4.7,1,1.9,7.5,18.3,0.8,1.8,2.6,0.056,-1,-0.8,-1.7,0.2,7.5,18.9,3.2,8.7,4.3,10.2,1.3,2.1,1,5.1,6.1,1.5,1,1.3,1.6,3.5,19.6,102,108,0,0,0,0,0,0,0,0,0,0,0,0,0,0,0,0,0,0,0,0,0,0,0,0,0,0,0,0,0,0,0,0,0,0,0,0,0,0,0,0,0,0,0,0,0,0,0,0,0,0,0,0,0,0,0,0,0,0,0,0,0,0,0,0,0,0,0,0,0,0,0,0,0,0,0,0,0,0,0,0,0
Chris Duhon2007,0,0,0,2,2007,0,3.25137,0,0.597560976,0,0,0,0,0,1,0,0,0,0,137.5,23.3,18.3,4.7,12.5,24,78,30,0.408,0.359,0.458,0.499,0.752,24.4,2.5,6.2,1.1,3.1,1.4,3.1,1,1.3,0.3,1.9,2.2,4,0.9,0.1,1.3,1.9,7.2,3.7,9.1,1.7,4.6,2.1,4.5,1.4,1.9,0.4,2.8,3.2,5.9,1.3,0.1,2,2.8,10.5,11.9,0.529,0.507,0.209,1.4,8.7,5.1,24.4,1.9,0.2,16.6,14.8,1.9,3,4.8,0.121,-0.1,0.1,0,1,5.3,13,2.4,6.6,2.9,6.4,2,2.7,0.6,3.9,4.5,8.3,1.9,0.2,2.8,4,15,108,102,9,0,0.29,0.316,0.25,0.387,0.8,19.1,1,3.4,0.7,2.1,0.3,1.3,0.9,1.1,0.3,1.4,1.8,2.3,0.3,0.1,0.8,1.3,3.6,1.9,6.5,1.3,4,0.6,2.5,1.7,2.1,0.6,2.7,3.3,4.4,0.6,0.2,1.5,2.5,6.7,7.5,0.452,0.613,0.323,2.1,8.7,5.4,19.5,0.9,0.5,16.5,11.4,0,0.1,0.2,0.055,-1.9,0.4,-1.5,0,2.8,9.7,1.9,5.9,0.9,3.7,2.5,3.1,0.9,4.1,5,6.6,0.9,0.3,2.2,3.7,10,100,106
Lindsey Hunter2007,0,0,0,13,2007,0,1.77724,0,0.646341463,0,0,0,0,0,1,0,0,0,0,129.4,21.5,19.3,1.9,6.3,36,52,0,0.385,0.319,0.448,0.463,0.909,14.3,1.8,4.7,0.7,2.3,1.1,2.4,0.6,0.6,0.2,0.7,0.9,1.8,0.7,0.1,0.7,1.1,4.9,4.5,11.8,1.8,5.8,2.7,6,1.4,1.6,0.4,1.8,2.3,4.5,1.6,0.3,1.7,2.7,12.4,12.7,0.495,0.488,0.135,1.4,6.1,3.7,20.3,2.5,0.7,11.9,18.7,0.5,0.8,1.3,0.085,0,-1.4,-1.4,0.1,6.9,18,2.8,8.8,4.1,9.2,2.2,2.4,0.7,2.8,3.5,6.9,2.5,0.5,2.6,4.1,18.9,104,106,13,0,0.226,0.222,0.231,0.29,1,10.2,0.5,2.4,0.3,1.4,0.2,1,0.4,0.4,0.2,0.6,0.8,1.2,0.5,0.1,0.8,1.7,1.8,1.9,8.4,1.1,4.9,0.8,3.5,1.4,1.4,0.5,2.2,2.7,4.3,1.6,0.3,2.7,6,6.2,2.4,0.346,0.581,0.161,1.8,7.2,4.5,19.4,2.5,0.6,23.1,15.7,-0.3,0.2,-0.1,-0.04,-4.1,-0.4,-4.5,-0.1,2.9,13,1.7,7.6,1.3,5.5,2.1,2.1,0.8,3.4,4.2,6.7,2.5,0.4,4.2,9.3,9.7,75,102
Jared Jeffries2007,0,0,0,4,2007,0,4.733533333,0,0.402439024,0,0,0,0,0,0,0,0,1,0,-10.3,2.6,2.8,-0.2,-0.2,25,55,43,0.461,0.1,0.5,0.466,0.456,23.8,1.7,3.7,0,0.4,1.7,3.4,0.6,1.2,2,2.3,4.3,1.2,0.8,0.5,1.1,2.7,4.1,2.6,5.7,0.1,0.6,2.6,5.1,0.9,1.9,3.1,3.5,6.6,1.8,1.2,0.8,1.7,4.1,6.1,8.6,0.473,0.097,0.33,10.2,11.4,10.8,7.9,1.8,1.8,20.5,10.3,0.1,1,1.2,0.043,-1.6,2,0.3,0.8,3.8,8.3,0.1,0.8,3.8,7.5,1.3,2.8,4.5,5.1,9.6,2.7,1.8,1.2,2.5,6.1,9,99,108,0,0,0,0,0,0,0,0,0,0,0,0,0,0,0,0,0,0,0,0,0,0,0,0,0,0,0,0,0,0,0,0,0,0,0,0,0,0,0,0,0,0,0,0,0,0,0,0,0,0,0,0,0,0,0,0,0,0,0,0,0,0,0,0,0,0,0,0,0,0,0,0,0,0,0,0,0,0,0,0,0
Mehmet Okur2007,1,0,1,4,2007,0,0.93581,2.348008386,0.62195122,0,0,0,0,0,0,0,0,0,1,16.6,2.1,1.6,0.4,1.8,27,80,80,0.462,0.384,0.498,0.523,0.765,33.3,6.1,13.3,1.6,4.2,4.5,9.1,3.7,4.8,2,5.2,7.2,2,0.5,0.5,1.6,3.2,17.6,6.6,14.3,1.7,4.5,4.9,9.8,4,5.2,2.2,5.7,7.8,2.1,0.5,0.5,1.7,3.5,19,18.1,0.571,0.317,0.365,7.3,19.1,13.2,9.9,0.7,1.2,9.2,22.8,6.5,2.3,8.8,0.158,3,-1,2,2.7,9.6,20.9,2.5,6.6,7.1,14.3,5.8,7.6,3.1,8.2,11.4,3.1,0.7,0.7,2.5,5.1,27.6,117,108,17,17,0.388,0.316,0.442,0.456,0.786,34.4,4.2,10.8,1.5,4.6,2.7,6.1,1.9,2.5,2.2,5.6,7.8,1.8,1.4,0.9,1.4,3.8,11.8,4.4,11.3,1.5,4.9,2.8,6.4,2,2.6,2.3,5.8,8.1,1.8,1.5,1,1.5,4,12.3,13.9,0.496,0.432,0.23,7.4,19.2,13.2,8.1,2.2,2.6,10.6,17.3,0.6,0.7,1.3,0.106,1.9,2,3.9,0.9,6.4,16.5,2.3,7.1,4.1,9.4,3,3.8,3.3,8.6,11.9,2.7,2.2,1.4,2.2,5.9,18,106,103
Sasha Vujacic2007,0,0,0,2,2007,0,3.517733333,0,0.512195122,0,0,0,0,0,0,1,0,0,0,63.9,7.7,7,0.9,2.4,22,73,4,0.392,0.373,0.421,0.504,0.878,12.8,1.4,3.7,0.8,2.2,0.6,1.5,0.6,0.7,0.4,1.1,1.5,0.9,0.6,0,0.4,1.4,4.3,4,10.3,2.3,6.2,1.7,4.1,1.7,1.9,1.1,3,4.1,2.5,1.6,0,1.2,4,12.1,11.7,0.54,0.601,0.183,3.5,9.8,6.7,10.3,2.3,0.1,9.4,15.4,1.2,0.6,1.8,0.091,0.5,-1.8,-1.3,0.2,5.8,14.7,3.3,8.8,2.5,5.9,2.4,2.7,1.5,4.3,5.9,3.5,2.3,0.1,1.6,5.7,17.2,112,110,4,0,0.556,0.25,0.8,0.611,0,10.8,1.3,2.3,0.3,1,1,1.3,0,0,0.5,0.5,1,0.8,0.3,0,0.8,1,2.8,4.2,7.5,0.8,3.3,3.3,4.2,0,0,1.7,1.7,3.3,2.5,0.8,0,2.5,3.3,9.2,9.3,0.611,0.444,0,4.9,5.7,5.3,10.3,1.2,0,25,12.1,0,0,0,0.006,-0.2,-0.5,-0.6,0,5.9,10.6,1.2,4.7,4.7,5.9,0,0,2.4,2.4,4.7,3.5,1.2,0,3.5,4.7,13,106,118
Marcus Banks2008,0,0,0,4,2008,0,1.69784,0,0.182926829,0,0,0,0,0,1,0,0,0,0,62,9.3,8,1.6,2.80E+00,26,36,3,0.45,0.392,0.517,0.555,0.771,15.8,2.4,5.3,1.1,2.8,1.3,2.5,0.8,1,0.1,1.1,1.3,1.7,0.4,0.4,1,1.8,6.6,5.4,12.1,2.5,6.5,2.9,5.6,1.7,2.2,0.3,2.6,2.8,3.9,0.9,0.8,2.3,4.1,15.1,12.6,0.579,0.534,0.183,0.9,8.3,4.6,17.7,1.3,1.6,15.2,19.7,0.5,0.3,0.8,0.068,0.1,-2.2,-2.1,0,7.7,17.2,3.6,9.2,4.1,8,2.4,3.1,0.4,3.7,4,5.5,1.3,1.2,3.3,5.8,21.5,106,111,0,0,0,0,0,0,0,0,0,0,0,0,0,0,0,0,0,0,0,0,0,0,0,0,0,0,0,0,0,0,0,0,0,0,0,0,0,0,0,0,0,0,0,0,0,0,0,0,0,0,0,0,0,0,0,0,0,0,0,0,0,0,0,0,0,0,0,0,0,0,0,0,0,0,0,0,0,0,0,0,0
Kaniel Dickens2008,0,0,0,4,2008,0,1.39947,0,0.548780488,0,0,0,0,0,0,0,0,1,0,20.5,3.4,1.9,1.4,2.8,29,5,0,0.333,0,0.333,0.333,0,2.4,0.2,0.6,0,0,0.2,0.6,0,0,0,0.2,0.2,0.2,0,0.2,0,0.2,0.4,3,9,0,0,3,9,0,0,0,3,3,3,0,3,0,3,6,6.6,0.333,0,0,0,9.8,4.7,12.7,0,6.6,0,11.3,0,0,0,0.023,-7.6,1,-6.6,0,4.4,13.3,0,0,4.4,13.3,0,0,0,4.4,4.4,4.4,0,4.4,0,4.4,8.9,90,107,0,0,0,0,0,0,0,0,0,0,0,0,0,0,0,0,0,0,0,0,0,0,0,0,0,0,0,0,0,0,0,0,0,0,0,0,0,0,0,0,0,0,0,0,0,0,0,0,0,0,0,0,0,0,0,0,0,0,0,0,0,0,0,0,0,0,0,0,0,0,0,0,0,0,0,0,0,0,0,0,0
Udonis Haslem2008,0,0,0,4,2008,0,1.69784,0,0.182926829,0,0,0,0,0,0,0,0,1,0,62,9.3,8,1.6,2.8,27,49,48,0.467,0,0.467,0.467,0.81,36.8,4.8,10.3,0,0,4.8,10.3,2.3,2.9,2.2,6.9,9,1.4,0.8,0.4,1.4,3,12,4.7,10.1,0,0,4.7,10.1,2.3,2.8,2.1,6.7,8.8,1.4,0.8,0.4,1.3,2.9,11.7,12.7,0.517,0,0.28,7,22.7,14.7,6.5,1.1,0.8,10.5,16.7,1,1.5,2.5,0.067,-2.8,0.2,-2.7,-0.3,7,14.9,0,0,7,14.9,3.4,4.2,3.2,9.9,13.1,2,1.1,0.5,2,4.3,17.4,104,109,0,0,0,0,0,0,0,0,0,0,0,0,0,0,0,0,0,0,0,0,0,0,0,0,0,0,0,0,0,0,0,0,0,0,0,0,0,0,0,0,0,0,0,0,0,0,0,0,0,0,0,0,0,0,0,0,0,0,0,0,0,0,0,0,0,0,0,0,0,0,0,0,0,0,0,0,0,0,0,0,0
Anthony Johnson2008,0,0,0,10,2008,1,1.56589,0,0.463414634,0,0,0,0,0,1,0,0,0,0,45.2,4.1,1.5,2.5,6.2,33,69,52,0.437,0.452,0.431,0.496,0.814,22.2,2.2,5.1,0.6,1.3,1.6,3.8,0.5,0.6,0.3,1.7,2,3.8,0.8,0.1,1.2,1.7,5.6,3.6,8.3,1,2.2,2.7,6.2,0.8,1,0.5,2.7,3.2,6.2,1.2,0.2,2,2.7,9.1,11.2,0.517,0.262,0.121,1.7,8.7,5.2,26.3,1.8,0.4,18.3,13.5,1.1,0.9,2,0.061,-1.3,-1.7,-3,-0.4,5.3,12.1,1.4,3.2,3.8,8.9,1.2,1.5,0.7,3.9,4.7,8.9,1.8,0.3,2.9,3.9,13.2,107,111,0,0,0,0,0,0,0,0,0,0,0,0,0,0,0,0,0,0,0,0,0,0,0,0,0,0,0,0,0,0,0,0,0,0,0,0,0,0,0,0,0,0,0,0,0,0,0,0,0,0,0,0,0,0,0,0,0,0,0,0,0,0,0,0,0,0,0,0,0,0,0,0,0,0,0,0,0,0,0,0,0
Rashard Lewis2008,0,1,1,9,2008,0,1.56589,0,0.634146341,0,0,0,0,0,0,0,1,0,0,45.2,4.1,1.5,2.5,6.2,28,81,81,0.455,0.409,0.498,0.554,0.838,38,6.4,14,2.8,6.8,3.6,7.2,2.7,3.2,1.2,4.2,5.4,2.4,1.2,0.5,1.7,2.6,18.2,6,13.3,2.6,6.5,3.4,6.8,2.6,3,1.1,4,5.1,2.3,1.2,0.4,1.6,2.5,17.3,16.7,0.591,0.487,0.229,3.8,12.2,8.2,10.5,1.7,0.9,10.1,20.7,6.1,3.7,9.8,0.153,3.4,0.6,4,4.6,8.6,19,3.8,9.2,4.8,9.7,3.6,4.3,1.6,5.7,7.3,3.3,1.7,0.6,2.3,3.6,24.7,115,106,10,10,0.436,0.309,0.526,0.5,0.821,41.7,7.1,16.3,2.1,6.8,5,9.5,3.2,3.9,2.4,4.8,7.2,3.4,1.1,0.5,2.3,1.8,19.5,6.1,14.1,1.8,5.9,4.3,8.2,2.8,3.4,2.1,4.1,6.2,2.9,0.9,0.4,2,1.6,16.8,18.3,0.541,0.417,0.239,6.9,13.3,10.1,14.4,1.4,0.9,11.3,23.2,0.8,0.3,1.1,0.13,3.5,0.8,4.3,0.7,9.3,21.4,2.8,8.9,6.6,12.5,4.2,5.1,3.2,6.3,9.5,4.5,1.4,0.7,3,2.4,25.7,113,110
Shaquille O'Neal*2008,0,1,1,15,2008,0,1.86442,0,0.670731707,0,0,0,0,1,0,0,0,0,1,5.5,1.7,2,-0.3,-0.1,35,61,61,0.593,0,0.593,0.593,0.503,28.7,5.4,9.1,0,0,5.4,9.1,2.8,5.5,2.7,6.4,9.1,1.5,0.5,1.4,3,3.7,13.6,6.8,11.5,0,0,6.8,11.5,3.5,7,3.4,8,11.4,1.9,0.7,1.8,3.7,4.7,17.1,17.1,0.589,0,0.606,11.4,24.8,18.4,9.1,0.9,3.7,20.4,23.5,0.6,2.3,2.8,0.078,-2,1.3,-0.7,0.6,9.8,16.4,0,0,9.8,16.4,5,10,4.9,11.4,16.3,2.7,0.9,2.6,5.3,6.7,24.5,101,105,5,5,0.44,0,0.44,0.44,0.5,30,4.4,10,0,0,4.4,10,6.4,12.8,2.6,6.6,9.2,1,1,2.6,1.8,4.2,15.2,5.3,12,0,0,5.3,12,7.7,15.4,3.1,7.9,11,1.2,1.2,3.1,2.2,5,18.2,18.9,0.486,0,1.28,10.1,26.1,18,5.4,1.7,5.9,10.3,26.9,0,0.3,0.3,0.102,-1.9,3,1.1,0.1,7.6,17.3,0,0,7.6,17.3,11.1,22.1,4.5,11.4,15.9,1.7,1.7,4.5,3.1,7.3,26.3,99,99
Leon Powe2008,0,0,0,1,2008,0,2.36487,0,0.804878049,0,0,0,0,0,0,0,0,0,1,40,7.7,6.9,0.7,2.2,24,56,5,0.572,0,0.575,0.572,0.71,14.4,2.8,4.8,0,0,2.8,4.8,2.4,3.4,1.7,2.4,4.1,0.3,0.3,0.3,0.8,2.3,7.9,6.9,12,0,0,6.9,11.9,6.1,8.6,4.2,5.9,10.1,0.7,0.7,0.7,1.9,5.7,19.8,20.9,0.629,0.004,0.717,14.9,18.3,16.7,3.3,1,1.6,10.8,22.8,2.7,1.6,4.3,0.256,0.6,-1.5,-0.9,0.2,10,17.6,0,0.1,10,17.5,8.9,12.6,6.2,8.6,14.8,1,1,1,2.8,8.3,29,124,100,23,1,0.493,0,0.493,0.493,0.667,11.7,1.6,3.2,0,0,1.6,3.2,1.9,2.9,1.4,1.3,2.7,0.2,0,0.1,0.5,2,5,4.8,9.7,0,0,4.8,9.7,5.9,8.8,4.3,4,8.3,0.5,0,0.4,1.6,6,15.5,14.6,0.568,0,0.904,15.1,13.8,14.4,2.6,0,1,10.5,20.4,0.6,0.3,0.9,0.162,-0.9,-2.6,-3.5,-0.1,7.4,15.1,0,0,7.4,15.1,9.1,13.7,6.6,6.2,12.8,0.8,0,0.6,2.5,9.3,24,118,108
Peja Stojakovic2008,0,0,1,9,2008,0,0.62402,0,0.682926829,0,0,0,0,0,0,0,1,0,0,57.2,8,5.8,2.3,6,30,77,77,0.44,0.441,0.438,0.552,0.929,35.2,5.9,13.3,3,6.8,2.9,6.5,1.7,1.8,0.8,3.5,4.3,1.2,0.7,0.1,0.8,1.6,16.4,6,13.6,3.1,7,2.9,6.7,1.7,1.9,0.8,3.5,4.4,1.3,0.8,0.1,0.8,1.7,16.8,15.7,0.581,0.511,0.136,2.7,11.8,7.1,5.6,1.1,0.3,5.3,19.7,5.8,2.4,8.1,0.144,3,-1.2,1.8,2.6,8.9,20.2,4.6,10.3,4.3,9.9,2.6,2.8,1.3,5.3,6.5,1.9,1.1,0.2,1.2,2.5,24.9,119,109,12,12,0.436,0.549,0.366,0.541,0.926,37.9,4.8,11.1,2.3,4.3,2.5,6.8,2.1,2.3,0.5,4.9,5.4,0.5,0.5,0.1,0.7,1.6,14.1,4.6,10.5,2.2,4,2.4,6.5,2,2.1,0.5,4.7,5.1,0.5,0.5,0.1,0.6,1.5,13.4,13.4,0.583,0.383,0.203,1.5,14.3,8,2,0.7,0.2,5.2,16.3,0.7,0.3,1,0.108,1.7,-1,0.7,0.3,7.1,16.2,3.4,6.2,3.7,10,3,3.3,0.7,7.2,7.9,0.7,0.7,0.1,1,2.3,20.6,117,111
Kelenna Azubuike2009,0,0,0,2,2009,0,2.41447,0,0.353658537,0,0,0,0,0,0,1,0,0,0,50.4,4.1,5.9,-1.9,-4.4,25,74,51,0.464,0.448,0.469,0.52,0.808,32.1,5.3,11.4,1.3,2.8,4,8.6,2.5,3.1,1.5,3.5,5,1.6,0.8,0.7,1.3,2.5,14.4,5.9,12.8,1.4,3.2,4.5,9.6,2.8,3.5,1.7,3.9,5.6,1.8,0.9,0.8,1.4,2.8,16.1,14.7,0.562,0.249,0.271,5.1,11.8,8.5,7.6,1.2,1.5,9.1,18.7,3.6,0.5,4.1,0.083,0.9,-1.6,-0.7,0.8,8.1,17.4,1.9,4.3,6.1,13.1,3.8,4.7,2.3,5.3,7.6,2.4,1.2,1,2,3.8,21.9,114,115,0,0,0,0,0,0,0,0,0,0,0,0,0,0,0,0,0,0,0,0,0,0,0,0,0,0,0,0,0,0,0,0,0,0,0,0,0,0,0,0,0,0,0,0,0,0,0,0,0,0,0,0,0,0,0,0,0,0,0,0,0,0,0,0,0,0,0,0,0,0,0,0,0,0,0,0,0,0,0,0,0
Brent Barry2009,0,0,0,13,2009,0,2.42336,0,0.646341463,0,0,0,0,0,0,1,0,0,0,-10.7,-2.6,-0.4,-2.3,-4.7,37,56,1,0.407,0.374,0.512,0.549,0.95,15.3,1.3,3.1,0.9,2.3,0.4,0.7,0.3,0.4,0.3,1.4,1.7,1.4,0.4,0.1,0.9,0.8,3.7,2.9,7.2,2.1,5.5,0.9,1.7,0.8,0.8,0.7,3.2,3.9,3.3,1,0.1,2,1.9,8.7,9.2,0.575,0.762,0.116,2.4,10.1,6.4,13.7,1.5,0.3,21,12.4,0.4,1.1,1.5,0.082,-0.9,0.4,-0.5,0.3,4.3,10.7,3,8.1,1.3,2.5,1.2,1.2,1.1,4.8,5.8,4.8,1.5,0.2,3,2.8,12.9,106,107,4,0,0.5,0.375,1,0.65,0,8.8,1.3,2.5,0.8,2,0.5,0.5,0,0,0,1,1,0.8,0.5,0,1,0.8,3.3,5.1,10.3,3.1,8.2,2.1,2.1,0,0,0,4.1,4.1,3.1,2.1,0,4.1,3.1,13.4,12,0.65,0.8,0,0,13.1,6.8,15.2,3.1,0,28.6,19.2,0,0.1,0,0.049,-0.3,1.8,1.5,0,7.8,15.7,4.7,12.6,3.1,3.1,0,0,0,6.3,6.3,4.7,3.1,0,6.3,4.7,20.4,95,104
Eddie House2009,0,0,0,8,2009,0,2.36487,0,0.756097561,0,0,0,0,0,1,0,0,0,0,87.4,14,11.6,2.3,7.1,30,81,0,0.445,0.444,0.445,0.579,0.792,18.3,3.1,6.9,1.9,4.2,1.2,2.7,0.5,0.7,0.1,1.8,1.9,1.1,0.8,0.1,0.7,1.4,8.5,6.1,13.6,3.7,8.3,2.4,5.4,1,1.3,0.3,3.6,3.8,2.2,1.5,0.2,1.3,2.8,16.8,15.4,0.592,0.607,0.095,0.9,11.5,6.5,10.3,2.2,0.4,8.6,20.1,2.5,2.4,4.9,0.158,2.4,-0.4,2,1.5,8.9,20.1,5.4,12.2,3.5,7.9,1.5,1.9,0.4,5.2,5.6,3.3,2.2,0.3,2,4.1,24.8,115,103,14,0,0.519,0.486,0.55,0.636,0.909,16.6,2.9,5.5,1.3,2.6,1.6,2.9,0.7,0.8,0.1,1.3,1.4,0.9,0.8,0,0.4,1.9,7.7,6.2,11.9,2.8,5.7,3.4,6.2,1.6,1.7,0.3,2.8,3.1,2,1.7,0,0.9,4,16.8,17.1,0.66,0.481,0.143,1,9.4,5.1,9.9,2.5,0,6.8,17.5,0.6,0.3,0.8,0.175,3.6,-1,2.6,0.3,9.1,17.4,4.1,8.4,5,9.1,2.3,2.5,0.5,4.1,4.5,2.9,2.5,0,1.4,5.9,24.5,126,107
Robin Lopez2009,0,0,0,0,2009,0,1.86442,0,0.56097561,0,0,0,0,0,0,0,0,0,1,-7.6,-2.4,-2.5,0.1,-0.7,20,60,7,0.518,0,0.522,0.518,0.691,10.2,1.2,2.3,0,0,1.2,2.3,0.8,1.1,0.9,1.1,2,0.1,0.2,0.7,0.5,1.6,3.2,4.2,8,0,0.1,4.2,8,2.8,4,3,3.9,6.9,0.5,0.6,2.4,1.6,5.7,11.1,11.6,0.566,0.007,0.496,10.3,12.1,11.2,1.8,0.9,4.9,14.4,14,0.6,0.4,1.1,0.083,-2.1,-0.2,-2.3,0,5.8,11.2,0,0.1,5.8,11.1,3.8,5.5,4.2,5.4,9.6,0.7,0.9,3.3,2.3,7.9,15.4,112,111,0,0,0,0,0,0,0,0,0,0,0,0,0,0,0,0,0,0,0,0,0,0,0,0,0,0,0,0,0,0,0,0,0,0,0,0,0,0,0,0,0,0,0,0,0,0,0,0,0,0,0,0,0,0,0,0,0,0,0,0,0,0,0,0,0,0,0,0,0,0,0,0,0,0,0,0,0,0,0,0,0
Rashad McCants2009,0,0,0,3,2009,0,1.35769,0,0.207317073,0,0,0,0,0,0,1,0,0,0,22.1,1.8,2.2,-0.3,-1.4,24,58,3,0.393,0.333,0.431,0.458,0.759,19,3.3,8.4,1.1,3.3,2.2,5.2,1.8,2.4,0.4,1.5,1.9,1.2,0.8,0.2,1.1,1.8,9.6,6.3,16,2.1,6.2,4.2,9.8,3.5,4.6,0.7,2.9,3.6,2.2,1.5,0.5,2.1,3.4,18.1,13,0.504,0.387,0.289,2.2,9.7,5.8,10.7,2.2,1,10.4,25.1,0,0.5,0.6,0.025,-0.9,-2.6,-3.5,-0.4,9,22.9,3,8.9,6.1,14.1,5,6.6,1,4.2,5.2,3.2,2.2,0.7,3,4.8,26.1,100,113,0,0,0,0,0,0,0,0,0,0,0,0,0,0,0,0,0,0,0,0,0,0,0,0,0,0,0,0,0,0,0,0,0,0,0,0,0,0,0,0,0,0,0,0,0,0,0,0,0,0,0,0,0,0,0,0,0,0,0,0,0,0,0,0,0,0,0,0,0,0,0,0,0,0,0,0,0,0,0,0,0
Mikki Moore2009,0,0,0,10,2009,1,2.41447,0,0.756097561,0,0,0,0,0,0,0,0,0,1,50.4,4.1,5.9,-1.9,-4.4,33,70,20,0.553,0,0.553,0.553,0.787,17.2,1.6,2.9,0,0,1.6,2.9,0.7,0.9,1.1,2.6,3.7,0.8,0.2,0.3,0.7,3,3.9,3.4,6.2,0,0,3.4,6.2,1.4,1.8,2.3,5.5,7.7,1.6,0.5,0.6,1.4,6.2,8.3,8.9,0.593,0,0.296,7.6,17.7,12.7,6.6,0.7,1.2,17.1,10.6,1.2,0.9,2.1,0.083,-2.3,0.1,-2.2,-0.1,4.9,8.9,0,0,4.9,8.9,2.1,2.6,3.3,7.8,11.1,2.3,0.7,0.8,2.1,9,11.9,114,111,10,0,0.5,0,0.5,0.5,0.833,6.6,0.5,1,0,0,0.5,1,0.5,0.6,0.6,0.9,1.5,0.4,0.2,0.5,0.1,1.1,1.5,2.7,5.5,0,0,2.7,5.5,2.7,3.3,3.3,4.9,8.2,2.2,1.1,2.7,0.5,6,8.2,15.6,0.593,0,0.6,10.6,16.6,13.5,9.1,1.6,6.3,7.3,9.6,0.2,0.1,0.3,0.195,-0.4,4.4,4,0.1,4,8,0,0,4,8,4,4.8,4.8,7.2,11.9,3.2,1.6,4,0.8,8.8,11.9,136,102
Malik Rose2009,0,0,0,12,2009,0,0.67672,0,0.280487805,0,0,0,0,0,0,0,0,1,0,100.2,20.6,18.4,2.1,4.8,34,38,0,0.344,0,0.363,0.344,0.784,12.4,1.2,3.4,0,0.2,1.2,3.3,1.1,1.3,0.4,2.1,2.5,0.9,0.3,0.1,0.9,1.9,3.4,3.4,10,0,0.5,3.4,9.5,3.1,3.9,1.3,6.1,7.4,2.8,0.8,0.2,2.8,5.5,10,5.3,0.424,0.053,0.389,4,19.5,11.6,11.5,1.1,0.5,19,17.7,-0.8,0.4,-0.4,-0.039,-6.8,-0.5,-7.3,-0.6,4.9,14.1,0,0.8,4.9,13.4,4.3,5.5,1.8,8.5,10.4,3.9,1.1,0.3,3.9,7.8,14,84,110,0,0,0,0,0,0,0,0,0,0,0,0,0,0,0,0,0,0,0,0,0,0,0,0,0,0,0,0,0,0,0,0,0,0,0,0,0,0,0,0,0,0,0,0,0,0,0,0,0,0,0,0,0,0,0,0,0,0,0,0,0,0,0,0,0,0,0,0,0,0,0,0,0,0,0,0,0,0,0,0,0
Andray Blatche2010,0,0,0,4,2010,0,2.48248,0,0.317073171,0,0,0,0,0,0,0,0,1,0,-8,2.1,2.8,-0.8,-2.2,23,81,36,0.478,0.295,0.487,0.485,0.744,27.9,5.9,12.3,0.2,0.5,5.7,11.8,2.1,2.9,2,4.3,6.3,2.1,1,0.9,2.2,2.7,14.1,7.6,15.9,0.2,0.7,7.4,15.2,2.8,3.7,2.5,5.6,8.1,2.7,1.4,1.1,2.9,3.5,18.2,17.6,0.519,0.044,0.234,7.9,18.2,13,13.8,2,2.4,14.2,25.8,0.8,2.6,3.4,0.073,-0.6,1.2,0.6,1.5,11.1,23.2,0.3,1,10.8,22.2,4,5.4,3.7,8.1,11.8,3.9,2,1.6,4.2,5.1,26.5,101,106,0,0,0,0,0,0,0,0,0,0,0,0,0,0,0,0,0,0,0,0,0,0,0,0,0,0,0,0,0,0,0,0,0,0,0,0,0,0,0,0,0,0,0,0,0,0,0,0,0,0,0,0,0,0,0,0,0,0,0,0,0,0,0,0,0,0,0,0,0,0,0,0,0,0,0,0,0,0,0,0,0
Elton Brand2010,0,0,1,10,2010,0,2.81685,0,0.329268293,0,0,0,0,1,0,0,0,1,0,6.4,2.9,2.1,0.9,1.9,30,76,57,0.48,0,0.481,0.48,0.738,30.2,5.4,11.3,0,0,5.4,11.3,2.3,3.1,2.4,3.7,6.1,1.4,1.1,1.1,1.7,3.1,13.1,6.5,13.4,0,0,6.5,13.4,2.7,3.7,2.8,4.4,7.2,1.7,1.3,1.3,2.1,3.6,15.6,15.7,0.518,0.001,0.272,9,14.7,11.8,7.9,1.9,2.7,12,21.7,1.6,1.9,3.5,0.073,-1.2,0.2,-1.1,0.5,9.4,19.6,0,0,9.4,19.6,3.9,5.3,4.1,6.4,10.5,2.5,1.9,1.8,3,5.3,22.7,104,109,0,0,0,0,0,0,0,0,0,0,0,0,0,0,0,0,0,0,0,0,0,0,0,0,0,0,0,0,0,0,0,0,0,0,0,0,0,0,0,0,0,0,0,0,0,0,0,0,0,0,0,0,0,0,0,0,0,0,0,0,0,0,0,0,0,0,0,0,0,0,0,0,0,0,0,0,0,0,0,0,0
Jerryd Bayless2011,0,0,0,2,2011,0,4.857333333,0,0.268292683,0,0,0,0,0,1,0,0,0,0,17.6,6.8,6.9,-0.1,0.3,22,71,14,0.422,0.336,0.456,0.469,0.806,21.1,3.1,7.3,0.7,2.1,2.4,5.2,2.3,2.9,0.4,2,2.3,3.7,0.5,0.1,1.8,2.1,9.2,5.2,12.4,1.2,3.5,4.1,8.9,4,5,0.6,3.3,4,6.4,0.9,0.1,3.1,3.6,15.7,14.1,0.536,0.282,0.398,2,11.3,6.6,27.6,1.3,0.3,17.3,22.1,1.4,0.3,1.6,0.053,0.5,-2.6,-2.1,0,7.6,17.9,1.7,5.1,5.9,12.9,5.8,7.1,0.9,4.8,5.7,9.2,1.3,0.2,4.4,5.2,22.6,105,114,0,0,0,0,0,0,0,0,0,0,0,0,0,0,0,0,0,0,0,0,0,0,0,0,0,0,0,0,0,0,0,0,0,0,0,0,0,0,0,0,0,0,0,0,0,0,0,0,0,0,0,0,0,0,0,0,0,0,0,0,0,0,0,0,0,0,0,0,0,0,0,0,0,0,0,0,0,0,0,0,0
Carlos Delfino2011,0,0,0,6,2011,0,0.84842,0,0.426829268,0,0,0,0,0,0,0,1,0,0,33.6,4.5,3.7,0.9,2.6,28,49,40,0.39,0.37,0.415,0.492,0.8,32.4,4.1,10.5,2.1,5.8,1.9,4.7,1.2,1.5,0.5,3.6,4.1,2.3,1.6,0.2,1.2,1.5,11.5,4.5,11.6,2.4,6.4,2.2,5.2,1.4,1.7,0.5,4,4.5,2.5,1.7,0.2,1.3,1.6,12.8,13.1,0.517,0.554,0.146,1.7,13.2,7.3,12.1,2.6,0.4,9.5,17.7,0.9,2.6,3.5,0.105,0.6,1.5,2.1,1.6,6.7,17.3,3.5,9.6,3.2,7.7,2,2.5,0.8,5.9,6.7,3.8,2.6,0.3,1.9,2.4,19,104,102,0,0,0,0,0,0,0,0,0,0,0,0,0,0,0,0,0,0,0,0,0,0,0,0,0,0,0,0,0,0,0,0,0,0,0,0,0,0,0,0,0,0,0,0,0,0,0,0,0,0,0,0,0,0,0,0,0,0,0,0,0,0,0,0,0,0,0,0,0,0,0,0,0,0,0,0,0,0,0,0,0
Keyon Dooling2011,0,0,0,10,2011,0,0.84842,0,0.426829268,0,0,0,0,0,1,0,0,0,0,33.6,4.5,3.7,0.9,2.6,30,80,22,0.397,0.346,0.439,0.475,0.83,22,2.6,6.5,1,2.9,1.6,3.6,1,1.2,0.2,1.3,1.5,3,0.7,0.1,1.1,1.5,7.1,4.2,10.6,1.7,4.8,2.6,5.8,1.6,1.9,0.2,2.2,2.4,5,1.1,0.1,1.9,2.4,11.7,11.3,0.509,0.451,0.181,0.8,7.1,3.9,23.4,1.6,0.2,14,17.3,0.8,2.1,2.9,0.08,-1,-1.2,-2.2,-0.1,6.3,15.8,2.5,7.1,3.8,8.7,2.4,2.9,0.4,3.2,3.6,7.4,1.6,0.1,2.8,3.6,17.4,103,106,0,0,0,0,0,0,0,0,0,0,0,0,0,0,0,0,0,0,0,0,0,0,0,0,0,0,0,0,0,0,0,0,0,0,0,0,0,0,0,0,0,0,0,0,0,0,0,0,0,0,0,0,0,0,0,0,0,0,0,0,0,0,0,0,0,0,0,0,0,0,0,0,0,0,0,0,0,0,0,0,0
Landry Fields2011,0,0,0,0,2011,0,4.733533333,1.081167024,0.512195122,0,0,0,0,0,0,0,1,0,0,-64.9,-5.9,-3.6,-2.2,-6.2,22,82,81,0.497,0.393,0.556,0.568,0.769,31,3.6,7.3,1,2.7,2.6,4.7,1.4,1.8,1.3,5.1,6.4,1.9,1,0.2,1.3,1.4,9.7,4.2,8.5,1.2,3.1,3,5.4,1.6,2.1,1.5,5.9,7.4,2.2,1.1,0.2,1.5,1.6,11.3,13.5,0.598,0.364,0.244,4.7,18.9,11.7,9,1.6,0.5,13.8,13.5,3.4,1.8,5.3,0.1,0.5,0.1,0.6,1.7,5.9,11.9,1.7,4.3,4.2,7.6,2.2,2.9,2.1,8.2,10.3,3.1,1.6,0.3,2.1,2.3,15.8,115,110,4,4,0.2,0,0.273,0.2,0.167,17.8,0.8,3.8,0,1,0.8,2.8,0.3,1.5,0.3,1,1.3,1.3,0.5,0.8,1,0,1.8,1.5,7.6,0,2,1.5,5.6,0.5,3,0.5,2,2.5,2.5,1,1.5,2,0,3.5,0.3,0.198,0.267,0.4,1.4,7.2,4,11.3,1.5,3,18.5,13.4,-0.3,0,-0.2,-0.163,-8.1,0.5,-7.6,-0.1,2.2,11.1,0,2.9,2.2,8.1,0.7,4.4,0.7,2.9,3.7,3.7,1.5,2.2,2.9,0,5.2,49,110
Craig Smith2011,0,0,0,4,2011,0,1.758866667,0,0.390243902,0,0,0,0,0,0,0,0,1,0,72.4,11.5,10.2,1.4,3.3,27,48,0,0.553,0,0.568,0.553,0.735,12.2,2.2,3.9,0,0.1,2.2,3.8,1,1.4,0.9,1.5,2.4,0.6,0.3,0.1,0.7,1.8,5.4,6.4,11.5,0,0.3,6.4,11.2,3.1,4.2,2.6,4.5,7.2,1.9,1,0.4,2,5.2,15.8,15.4,0.592,0.027,0.362,8.7,14.7,11.7,9.1,1.4,0.9,13.2,19.1,1,0.4,1.5,0.12,-0.6,-1.1,-1.7,0,9.2,16.6,0,0.4,9.2,16.1,4.4,6,3.8,6.5,10.3,2.7,1.4,0.6,2.9,7.4,22.8,114,109,0,0,0,0,0,0,0,0,0,0,0,0,0,0,0,0,0,0,0,0,0,0,0,0,0,0,0,0,0,0,0,0,0,0,0,0,0,0,0,0,0,0,0,0,0,0,0,0,0,0,0,0,0,0,0,0,0,0,0,0,0,0,0,0,0,0,0,0,0,0,0,0,0,0,0,0,0,0,0,0,0
Ronny Turiaf2011,0,0,0,5,2011,0,4.733533333,0,0.512195122,0,0,0,0,0,0,0,0,0,1,-64.9,-5.9,-3.6,-2.2,-6.2,28,64,21,0.632,0,0.632,0.632,0.622,17.8,1.6,2.5,0,0,1.6,2.5,1,1.5,1,2.2,3.2,1.4,0.5,1.1,0.6,2.5,4.2,3.2,5.1,0,0,3.2,5.1,1.9,3.1,2,4.5,6.5,2.9,1.1,2.3,1.3,5,8.4,13.6,0.648,0,0.601,6.4,14.4,10.4,11.5,1.5,4.7,16.6,9.6,2.1,1.1,3.2,0.134,-0.5,2.5,2,1.2,4.5,7.2,0,0,4.5,7.2,2.7,4.3,2.8,6.3,9.1,4,1.5,3.2,1.8,7,11.8,127,108,4,4,0.667,0,0.667,0.667,0.7,18.8,2,3,0,0,2,3,1.8,2.5,1,1.8,2.8,1,0.3,1.5,0.8,1,5.8,3.8,5.8,0,0,3.8,5.8,3.4,4.8,1.9,3.4,5.3,1.9,0.5,2.9,1.4,1.9,11,17.2,0.701,0,0.833,5.4,11.9,8.3,9.5,0.7,5.8,15.5,11.4,0.2,0.1,0.2,0.151,0.6,2,2.5,0.1,5.6,8.4,0,0,5.6,8.4,4.9,7,2.8,4.9,7.7,2.8,0.7,4.2,2.1,2.8,16.1,130,108
Cory Higgins2012,0,0,0,0,2012,0,1.1299,0,0.106060606,0,0,0,0,0,1,0,0,0,0,15.5,2.3,1.5,0.6,0.2,22,38,0,0.325,0.2,0.343,0.338,0.7,11.1,1.4,4.2,0.1,0.5,1.3,3.7,1.1,1.6,0.2,0.7,0.9,0.9,0.1,0.2,1,1.1,3.9,4.4,13.6,0.3,1.7,4.1,11.9,3.6,5.1,0.6,2.4,3,3.1,0.4,0.5,3.3,3.4,12.8,4.1,0.402,0.125,0.375,1.8,7.9,4.7,15,0.6,1.1,17.3,24.6,-1.2,-0.1,-1.3,-0.15,-7.4,-4.1,-11.6,-1,6.5,19.9,0.5,2.5,6,17.4,5.2,7.5,0.9,3.5,4.4,4.5,0.6,0.7,4.9,5,18.7,77,114,0,0,0,0,0,0,0,0,0,0,0,0,0,0,0,0,0,0,0,0,0,0,0,0,0,0,0,0,0,0,0,0,0,0,0,0,0,0,0,0,0,0,0,0,0,0,0,0,0,0,0,0,0,0,0,0,0,0,0,0,0,0,0,0,0,0,0,0,0,0,0,0,0,0,0,0,0,0,0,0,0
Monta Ellis2013,0,0,0,7,2013,1,2.62207,0.774754346,0.463414634,0,0,0,1,0,0,1,0,0,0,-75.3,-11.1,-9.5,-1.8,-3.5,27,82,82,0.416,0.287,0.454,0.448,0.773,37.5,7.3,17.5,1.1,4,6.1,13.5,3.5,4.6,0.5,3.3,3.9,6,2.1,0.4,3.1,2,19.2,7,16.8,1.1,3.8,5.9,13,3.4,4.4,0.5,3.2,3.7,5.8,2,0.4,3,1.9,18.5,16.2,0.493,0.228,0.26,1.5,9.8,5.5,27.1,2.8,0.9,13.7,26.3,1.2,3.3,4.6,0.071,0.8,0,0.8,2.2,9.8,23.7,1.5,5.4,8.3,18.3,4.8,6.2,0.7,4.5,5.2,8.2,2.8,0.6,4.2,2.7,26,100,105,4,4,0.436,0.158,0.583,0.464,0.375,38,6,13.8,0.8,4.8,5.3,9,1.5,4,0.5,2.8,3.3,5.5,2.5,0.3,3.5,2,14.3,5.7,13,0.7,4.5,5,8.5,1.4,3.8,0.5,2.6,3.1,5.2,2.4,0.2,3.3,1.9,13.5,12.3,0.459,0.345,0.291,1.5,9.5,5.2,27.1,3.5,0.6,18.4,23.6,-0.2,0.1,-0.2,-0.05,-1.9,1,-0.9,0,8.4,19.2,1,6.6,7.3,12.5,2.1,5.6,0.7,3.8,4.5,7.7,3.5,0.3,4.9,2.8,19.9,86,109
Dwight Howard2013,1,1,1,8,2013,1,2.42336,0.875535399,0.548780488,0,3,0,0,0,0,0,0,0,1,27,3.7,5.00E+00,-1.30E+00,-2.8,27,76,76,0.578,0.167,0.581,0.579,0.492,35.8,6.2,10.7,0,0.1,6.2,10.6,4.7,9.5,3.3,9.1,12.4,1.4,1.1,2.4,3,3.8,17.1,6.2,10.8,0,0.1,6.2,10.7,4.7,9.5,3.3,9.2,12.5,1.4,1.1,2.5,3,3.8,17.1,19.4,0.573,0.007,0.887,10.4,27.4,19.1,6.6,1.6,4.9,16.6,22.2,2.8,4.8,7.6,0.134,-1.5,2.8,1.3,2.3,8.8,15.2,0,0.1,8.8,15.1,6.6,13.5,4.7,13,17.6,2,1.6,3.5,4.2,5.4,24.2,105,100,4,4,0.619,0,0.619,0.619,0.444,31.5,6.5,10.5,0,0,6.5,10.5,4,9,2.5,8.3,10.8,1,0.5,2,4,4.3,17,7.4,12,0,0,7.4,12,4.6,10.3,2.9,9.4,12.3,1.1,0.6,2.3,4.6,4.9,19.4,19,0.588,0,0.857,9.1,31.2,19.9,6.2,0.8,4.5,21.7,27.4,0,0.1,0,0.019,-2.3,0.5,-1.9,0,10.8,17.4,0,0,10.8,17.4,6.6,14.9,4.1,13.6,17.8,1.7,0.8,3.3,6.6,7,28.1,95,108
James White2013,0,0,0,6,2013,0,4.733533333,0.799949609,0.658536585,0,0,0,0,0,0,0,1,0,0,-1.8,2.4,4,-1.5,-4.2,30,57,16,0.431,0.341,0.48,0.491,0.579,7.6,0.9,2,0.2,0.7,0.6,1.3,0.2,0.3,0.1,0.8,0.8,0.5,0.2,0.1,0.3,0.8,2.2,4.1,9.6,1.2,3.4,3,6.2,0.9,1.6,0.4,3.6,4,2.4,1.1,0.3,1.4,3.6,10.3,9.1,0.503,0.353,0.164,1.3,12,6.5,10.3,1.6,0.8,12,15.2,0.1,0.3,0.5,0.051,-2.6,-0.9,-3.4,-0.2,6.1,14.3,1.7,5,4.4,9.2,1.4,2.3,0.6,5.3,5.9,3.6,1.6,0.5,2.1,5.4,15.4,100,108,4,0,0.5,0,1,0.5,0,2.3,0.5,1,0,0.5,0.5,0.5,0,0,0.3,0.3,0.5,0,0,0,0,0.3,1,8,16,0,8,8,8,0,0,4,4,8,0,0,0,0,4,16,17,0.5,0.5,0,12.2,14.3,13.2,0,0,0,0,21.4,0,0,0,0.144,1,-7.4,-6.4,0,12.3,24.6,0,12.3,12.3,12.3,0,0,6.2,6.2,12.3,0,0,0,0,6.2,24.6,112,104
Caron Butler2014,0,0,1,11,2014,1,1.77724,0.247320692,0.719512195,0,0,0,0,0,0,0,1,0,0,160.5,26.7,23.5,3.3,6.1,33,56,13,0.394,0.394,0.395,0.485,0.84,25.3,3.8,9.6,1.8,4.4,2.1,5.2,1.1,1.3,0.4,3.7,4.1,1.5,0.8,0.3,1.1,2.1,10.5,5.4,13.7,2.5,6.3,2.9,7.4,1.6,1.9,0.5,5.3,5.8,2.1,1.2,0.4,1.5,3,14.9,12.2,0.512,0.461,0.139,1.7,16.8,9.2,9.6,1.7,1,9.5,20.1,0.6,1.2,1.8,0.062,-0.7,-1.4,-2.1,0,7.7,19.6,3.6,9,4.2,10.5,2.3,2.7,0.8,7.5,8.3,3,1.7,0.6,2.2,4.3,21.3,102,108,18,2,0.324,0.356,0.286,0.421,0.786,23.3,1.9,6,1.2,3.3,0.8,2.7,1.2,1.6,0.6,2.6,3.2,0.8,0.3,0.1,0.6,1.8,6.3,3,9.3,1.8,5.1,1.2,4.2,1.9,2.4,0.9,4,5,1.3,0.4,0.2,0.9,2.8,9.7,6.8,0.47,0.546,0.259,3.1,12.1,7.8,5.4,0.6,0.4,8.4,14.3,0,0.2,0.3,0.03,-2,-1,-3,-0.1,4.3,13.4,2.6,7.3,1.7,6.1,2.7,3.5,1.4,5.8,7.2,1.9,0.6,0.2,1.4,4.1,14,101,113
Tyson Chandler2014,0,0,1,12,2014,1,2.62207,0.716595853,0.451219512,0,1,0,0,0,0,0,0,0,1,120.6,15.5,12.7,2.6,10.2,31,55,55,0.593,0,0.595,0.593,0.632,30.2,3.5,5.9,0,0,3.5,5.8,1.8,2.8,2.9,6.7,9.6,1.1,0.7,1.1,1.3,2.6,8.7,4.1,7,0,0,4.1,7,2.1,3.4,3.4,8,11.5,1.3,0.8,1.4,1.5,3.1,10.4,16.4,0.615,0.003,0.481,10.9,27,18.7,5.5,1.2,3.4,15.4,12.9,3.1,1.9,4.9,0.143,-0.6,1.8,1.3,1.4,6.1,10.3,0,0,6.1,10.3,3.1,5,5.1,11.8,16.9,1.9,1.2,2,2.3,4.6,15.4,120,106,0,0,0,0,0,0,0,0,0,0,0,0,0,0,0,0,0,0,0,0,0,0,0,0,0,0,0,0,0,0,0,0,0,0,0,0,0,0,0,0,0,0,0,0,0,0,0,0,0,0,0,0,0,0,0,0,0,0,0,0,0,0,0,0,0,0,0,0,0,0,0,0,0,0,0,0,0,0,0,0,0
Jason Collins2014,0,0,0,12,2014,0,2.366766667,0,0.536585366,0,0,0,0,0,0,0,0,0,1,-26.8,-5.6,-4,-1.3,-3.3,35,22,1,0.458,0,0.524,0.458,0.75,7.8,0.5,1.1,0,0.1,0.5,1,0.1,0.2,0.3,0.5,0.9,0.2,0.4,0,0.3,1.4,1.1,2.3,5,0,0.6,2.3,4.4,0.6,0.8,1.5,2.5,4,0.8,1.7,0.2,1.5,6.3,5.2,4.1,0.485,0.125,0.167,4.9,8.3,6.6,3.5,2.4,0.5,21.4,8.9,-0.1,0.1,0.1,0.017,-4.1,0.5,-3.6,-0.1,3.4,7.3,0,0.9,3.4,6.4,0.9,1.2,2.1,3.7,5.8,1.2,2.4,0.3,2.1,9.2,7.6,91,109,0,0,0,0,0,0,0,0,0,0,0,0,0,0,0,0,0,0,0,0,0,0,0,0,0,0,0,0,0,0,0,0,0,0,0,0,0,0,0,0,0,0,0,0,0,0,0,0,0,0,0,0,0,0,0,0,0,0,0,0,0,0,0,0,0,0,0,0,0,0,0,0,0,0,0,0,0,0,0,0,0
Channing Frye2014,0,0,0,8,2014,1,1.56589,0,0.585365854,0,0,0,0,0,0,0,0,0,1,19,3.8,3.6,0.2,0.4,30,82,82,0.432,0.37,0.509,0.535,0.821,28.2,4.1,9.5,2,5.3,2.1,4.2,1,1.2,0.9,4.2,5.1,1.2,0.7,0.8,1.1,3,11.1,5.2,12.1,2.5,6.7,2.7,5.4,1.2,1.5,1.1,5.3,6.5,1.5,0.9,1,1.4,3.8,14.2,13.2,0.555,0.555,0.122,3.6,16.6,10.1,6.4,1.3,2.1,9.8,17.3,2.9,2.4,5.3,0.109,0.9,0.2,1.1,1.8,7.3,16.9,3.5,9.4,3.8,7.5,1.7,2.1,1.6,7.4,9,2.1,1.3,1.4,1.9,5.3,19.7,111,107,0,0,0,0,0,0,0,0,0,0,0,0,0,0,0,0,0,0,0,0,0,0,0,0,0,0,0,0,0,0,0,0,0,0,0,0,0,0,0,0,0,0,0,0,0,0,0,0,0,0,0,0,0,0,0,0,0,0,0,0,0,0,0,0,0,0,0,0,0,0,0,0,0,0,0,0,0,0,0,0,0
Paul George2014,1,0,1,3,2014,0,0.99979,1.109772338,0.682926829,0,0,0,1,0,0,0,1,0,0,-16.7,-4.1,-4.4,0.5,1.5,23,80,80,0.424,0.364,0.458,0.49,0.864,36.2,7.2,17,2.3,6.3,4.9,10.8,5,5.8,0.8,6,6.8,3.5,1.9,0.3,2.8,2.5,21.7,7.2,16.9,2.3,6.2,4.9,10.7,5,5.8,0.8,5.9,6.7,3.5,1.9,0.3,2.8,2.5,21.6,20.1,0.555,0.367,0.341,2.6,17.7,10.5,17.9,2.7,0.6,12.5,28.3,4.4,6.4,10.8,0.178,2.9,1.8,4.7,4.9,10.3,24.4,3.3,9,7.1,15.4,7.2,8.3,1.1,8.6,9.7,5.1,2.7,0.4,4,3.5,31.1,107,97,19,19,0.438,0.403,0.462,0.521,0.789,41.1,7.3,16.6,2.7,6.8,4.5,9.8,5.3,6.7,0.7,6.9,7.6,3.8,2.2,0.4,2.6,2.9,22.6,6.4,14.5,2.4,5.9,4,8.6,4.7,5.9,0.6,6.1,6.7,3.4,1.9,0.3,2.3,2.6,19.8,20.5,0.578,0.41,0.406,2.1,20,11.2,17.8,2.9,0.8,11.7,26.3,1.3,1.5,2.7,0.169,3.2,2.4,5.6,1.5,9.6,21.9,3.6,9,6,12.9,7,8.9,0.9,9.2,10.1,5.1,2.9,0.5,3.4,3.9,29.8,111,101
Kelly Olynyk2014,0,0,0,0,2014,0,2.36487,0,0.304878049,0,0,0,0,0,0,0,0,0,1,83.6,17.5,15,2.4,6.4,22,70,9,0.466,0.351,0.5,0.506,0.811,20,3.3,7.2,0.6,1.6,2.8,5.5,1.4,1.7,2,3.2,5.2,1.6,0.5,0.4,1.5,3.2,8.7,6,12.9,1,2.9,5,10,2.5,3.1,3.6,5.8,9.4,2.8,0.9,0.7,2.7,5.8,15.6,15.2,0.546,0.227,0.243,11,18.8,14.8,13.1,1.3,1.5,16,21,1.5,1.4,2.9,0.101,0.3,0.2,0.5,0.9,8.6,18.4,1.5,4.2,7.1,14.3,3.6,4.5,5.1,8.3,13.4,4,1.3,1,3.9,8.3,22.3,107,107,0,0,0,0,0,0,0,0,0,0,0,0,0,0,0,0,0,0,0,0,0,0,0,0,0,0,0,0,0,0,0,0,0,0,0,0,0,0,0,0,0,0,0,0,0,0,0,0,0,0,0,0,0,0,0,0,0,0,0,0,0,0,0,0,0,0,0,0,0,0,0,0,0,0,0,0,0,0,0,0,0
John Salmons2014,0,0,0,11,2014,1,0.62402,0,0.585365854,0,0,0,0,0,0,1,0,0,0,-29.5,-2.4,-0.8,-1.8,-4.2,34,78,8,0.363,0.387,0.348,0.439,0.769,22.1,1.9,5.3,0.8,2.1,1.1,3.2,0.5,0.7,0.3,1.8,2.1,1.9,0.6,0.2,0.7,1.6,5.2,3.1,8.6,1.3,3.4,1.8,5.2,0.8,1.1,0.4,3,3.4,3.1,1,0.4,1.1,2.6,8.4,7.8,0.462,0.395,0.126,1.3,9.6,5.5,12.8,1.4,0.9,11,12.8,0.2,1.4,1.7,0.046,-2.2,0.1,-2.1,0,4.5,12.4,1.9,4.9,2.6,7.5,1.2,1.6,0.6,4.3,4.9,4.4,1.4,0.6,1.6,3.7,12.1,100,108,6,0,0.294,0.167,0.6,0.353,1,12.8,0.8,2.8,0.3,2,0.5,0.8,0.2,0.2,0,1,1,0.8,0.3,0,0.2,1.5,2.2,2.3,7.9,0.9,5.6,1.4,2.3,0.5,0.5,0,2.8,2.8,2.3,0.9,0,0.5,4.2,6.1,3.3,0.373,0.706,0.059,0,9.1,4.7,10.5,1.4,0,5.4,11.2,-0.1,0,0,-0.003,-3.6,-0.3,-3.9,0,3.5,11.9,1.4,8.4,2.1,3.5,0.7,0.7,0,4.2,4.2,3.5,1.4,0,0.7,6.3,9.1,89,112
Matt Barnes2015,0,0,0,11,2015,1,0.62339,0.545919818,0.682926829,0,0,0,0,0,0,0,1,0,0,89.1,13.4,10.3,3.2,9.3,34,76,74,0.444,0.362,0.569,0.553,0.779,29.9,3.6,8.2,1.8,4.9,1.9,3.3,1,1.3,0.7,3.3,4,1.5,0.9,0.7,1.1,3.2,10.1,4.4,9.9,2.2,6,2.2,3.9,1.2,1.5,0.8,4,4.8,1.8,1.1,0.8,1.4,3.8,12.1,11.3,0.574,0.603,0.152,2.6,12.2,7.5,7.2,1.5,1.8,11.6,14.9,2.2,2.1,4.3,0.091,0.9,0.7,1.6,2.1,6.2,13.9,3,8.4,3.1,5.5,1.7,2.1,1.1,5.6,6.7,2.5,1.5,1.1,1.9,5.4,17.1,108,107,14,14,0.38,0.267,0.55,0.46,0.75,29.2,2.7,7.1,1.1,4.3,1.6,2.9,1.1,1.4,1.1,3.9,5.1,1.6,1.4,0.7,1.1,3.9,7.6,3.3,8.8,1.4,5.3,1.9,3.5,1.3,1.8,1.4,4.8,6.2,1.9,1.8,0.9,1.4,4.8,9.4,9.7,0.492,0.6,0.2,4.2,13.9,9.1,7.4,2.4,2.1,12.8,13.2,0.1,0.4,0.5,0.055,0.2,1.9,2.1,0.4,4.5,11.9,1.9,7.1,2.6,4.8,1.8,2.4,1.9,6.5,8.4,2.6,2.4,1.2,1.9,6.4,12.7,99,106
Chris Kaman2015,0,0,1,11,2015,0,1.14177,0.568666477,0.62195122,0,0,0,0,0,0,0,0,0,1,-31.6,-5.9,-1.9,-3.9,-10,32,74,13,0.515,0,0.515,0.515,0.706,18.9,3.8,7.4,0,0,3.8,7.4,1,1.4,2,4.5,6.5,0.9,0.2,0.7,1.5,1.9,8.6,7.3,14.1,0,0,7.3,14.1,1.9,2.6,3.8,8.6,12.5,1.7,0.5,1.4,2.8,3.6,16.4,17.3,0.537,0,0.186,11.6,25.2,18.5,7.8,0.7,2.8,15.4,22.5,1.1,2.2,3.3,0.112,-2.5,1.1,-1.4,0.2,10.3,20,0,0,10.3,20,2.6,3.7,5.4,12.2,17.6,2.4,0.7,2,3.9,5.1,23.3,103,101,3,0,0.5,0,0.5,0.5,1,12.3,1.3,2.7,0,0,1.3,2.7,0.3,0.3,1.7,3,4.7,1,0,0,1,1.7,3,3.9,7.8,0,0,3.9,7.8,1,1,4.9,8.8,13.6,2.9,0,0,2.9,4.9,8.8,11.7,0.533,0,0.125,14.4,26.7,20.5,13.8,0,0,26.2,14.2,0,0,0,0.056,-1.4,0.3,-1,0,5.6,11.3,0,0,5.6,11.3,1.4,1.4,7,12.7,19.7,4.2,0,0,4.2,7,12.7,103,109
Chris Paul2015,1,1,1,9,2015,0,1.758866667,0.386693204,0.682926829,0,0,0,0,1,1,0,0,0,0,73.2,12.3,11.1,0.9,5.1,29,82,82,0.485,0.398,0.523,0.545,0.9,34.8,6.9,14.3,1.7,4.3,5.2,10,3.5,3.9,0.6,4,4.6,10.2,1.9,0.2,2.3,2.5,19.1,7.2,14.7,1.8,4.4,5.4,10.3,3.6,4,0.7,4.1,4.7,10.6,2,0.2,2.4,2.6,19.7,26,0.596,0.298,0.274,2.1,12.5,7.4,47.4,2.8,0.4,12.7,23.7,12.9,3.2,16.1,0.27,7.5,0,7.5,6.9,10.1,20.8,2.5,6.2,7.6,14.6,5.1,5.7,0.9,5.7,6.7,14.9,2.8,0.3,3.4,3.6,27.7,126,105,12,12,0.503,0.415,0.548,0.574,0.941,37.1,7.9,15.8,2.3,5.4,5.7,10.3,4,4.3,0.6,3.8,4.4,8.8,1.8,0.3,2.2,3.1,22.1,7.7,15.3,2.2,5.3,5.5,10,3.9,4.1,0.6,3.7,4.3,8.5,1.8,0.2,2.1,3,21.4,25.7,0.627,0.344,0.27,1.7,10.7,6.3,39.1,2.4,0.6,11,23.2,2,0.3,2.3,0.248,8.6,-1,7.6,1.1,10.4,20.7,3,7.1,7.4,13.6,5.2,5.6,0.8,5,5.8,11.5,2.4,0.3,2.8,4,29,127,108
Henry Walker2015,0,0,0,6,2015,0,1.69784,0,0.451219512,0,0,0,0,0,0,0,1,0,0,-18.5,1.7,2.2,-0.5,-3.1,27,24,13,0.345,0.341,0.361,0.479,0.778,26.2,2.4,7,1.9,5.5,0.5,1.5,0.6,0.8,0.3,3.1,3.4,1.2,1,0.4,1,3.2,7.3,3.3,9.6,2.6,7.6,0.7,2.1,0.8,1,0.4,4.3,4.7,1.7,1.4,0.5,1.4,4.4,10,8,0.497,0.786,0.107,1.4,14,7.8,7.2,2,1.2,12,15,-0.1,0.6,0.5,0.039,-0.9,-0.1,-1,0.2,4.9,14.1,3.8,11.1,1.1,3,1.2,1.5,0.6,6.3,6.9,2.4,2,0.8,2,6.4,14.7,96,107,0,0,0,0,0,0,0,0,0,0,0,0,0,0,0,0,0,0,0,0,0,0,0,0,0,0,0,0,0,0,0,0,0,0,0,0,0,0,0,0,0,0,0,0,0,0,0,0,0,0,0,0,0,0,0,0,0,0,0,0,0,0,0,0,0,0,0,0,0,0,0,0,0,0,0,0,0,0,0,0,0
Kevin Garnett2016,0,0,1,20,2016,0,1.71331,0.121027152,0.353658537,0,1,0,0,0,0,0,0,1,0,137.3,33.1,29.6,3.7,10.2,39,38,38,0.47,0,0.474,0.47,0.667,14.6,1.4,3,0,0,1.4,3,0.4,0.6,0.4,3.6,3.9,1.6,0.7,0.3,0.4,1.8,3.2,3.5,7.4,0,0.1,3.5,7.4,0.9,1.4,1,8.7,9.7,4,1.8,0.6,1,4.5,7.9,12.3,0.491,0.009,0.183,3.2,27.9,15.7,16.4,2.5,1.5,11.4,11.3,0.4,0.7,1.1,0.092,-2.5,2.5,0,0.3,4.9,10.4,0,0.1,4.9,10.3,1.3,1.9,1.4,12.2,13.6,5.6,2.5,0.9,1.5,6.3,11.1,107,105,0,0,0,0,0,0,0,0,0,0,0,0,0,0,0,0,0,0,0,0,0,0,0,0,0,0,0,0,0,0,0,0,0,0,0,0,0,0,0,0,0,0,0,0,0,0,0,0,0,0,0,0,0,0,0,0,0,0,0,0,0,0,0,0,0,0,0,0,0,0,0,0,0,0,0,0,0,0,0,0,0
Blake Griffin2016,0,0,1,5,2016,0,1.758866667,0.152599453,0.646341463,0,0,0,0,1,0,0,0,1,0,-62,-8.1,-6.2,-1.9,-5.8,26,35,35,0.499,0.333,0.504,0.504,0.727,33.4,8.6,17.2,0.2,0.5,8.4,16.7,4,5.5,1.5,6.9,8.4,4.9,0.8,0.5,2.4,2.7,21.4,9.3,18.6,0.2,0.6,9.1,18,4.3,6,1.6,7.5,9,5.2,0.9,0.5,2.6,2.9,23,22.1,0.544,0.03,0.322,4.8,22.3,13.7,27.2,1.2,1.1,10.8,29.8,2.2,1.6,3.8,0.156,1.7,1.6,3.3,1.6,12.9,25.8,0.3,0.8,12.6,25.1,6,8.3,2.2,10.4,12.6,7.3,1.2,0.7,3.6,4.1,32.1,108,103,4,4,0.377,0.5,0.373,0.387,0.76,31.8,5,13.3,0.3,0.5,4.8,12.8,4.8,6.3,1.8,7,8.8,4,0.8,0.5,2.3,2.3,15,5.7,15,0.3,0.6,5.4,14.5,5.4,7.1,2,7.9,9.9,4.5,0.9,0.6,2.6,2.6,17,16.5,0.469,0.038,0.472,5.5,21.7,13.6,20.4,1.2,1.3,12.3,25.6,0,0.2,0.2,0.074,-2.4,2.5,0.1,0.1,8.1,21.4,0.4,0.8,7.7,20.6,7.7,10.1,2.8,11.3,14.1,6.5,1.2,0.8,3.6,3.6,24.2,98,103
Kendrick Perkins2016,0,0,0,12,2016,0,0.62402,0,0.365853659,0,0,0,0,0,0,0,0,0,1,-127.8,-18,-10.5,-7.4,-19.5,31,37,5,0.533,0,0.533,0.533,0.44,14.6,1.1,2,0,0,1.1,2,0.3,0.7,0.7,2.8,3.5,0.8,0.3,0.3,1.1,1.7,2.5,2.7,5,0,0,2.7,5,0.7,1.7,1.7,6.8,8.5,2.1,0.7,0.7,2.7,4.3,6,6,0.529,0,0.333,4.9,21.8,13.1,7.9,1,1.7,32.3,10.4,-0.4,0.4,-0.1,-0.007,-5.6,1.3,-4.3,-0.3,3.7,6.9,0,0,3.7,6.9,1,2.3,2.3,9.4,11.7,2.8,1,1,3.8,5.9,8.3,86,109,0,0,0,0,0,0,0,0,0,0,0,0,0,0,0,0,0,0,0,0,0,0,0,0,0,0,0,0,0,0,0,0,0,0,0,0,0,0,0,0,0,0,0,0,0,0,0,0,0,0,0,0,0,0,0,0,0,0,0,0,0,0,0,0,0,0,0,0,0,0,0,0,0,0,0,0,0,0,0,0,0
Kemba Walker2016,0,1,0,4,2016,0,1.1299,0.399915807,0.585365854,0,0,0,0,0,1,0,0,0,0,-21.6,-3.6,-4.3,0.6,1.2,25,81,81,0.427,0.371,0.459,0.495,0.847,35.6,7,16.4,2.2,6,4.8,10.4,4.6,5.4,0.7,3.7,4.4,5.2,1.6,0.5,2.1,1.4,20.9,7.1,16.6,2.3,6.1,4.8,10.5,4.6,5.5,0.7,3.8,4.5,5.3,1.6,0.5,2.1,1.4,21.1,20.8,0.554,0.368,0.329,2.1,11.5,6.8,25.7,2.2,1.1,10.1,26.5,6.3,3.6,9.9,0.165,4,0,4,4.4,9.9,23.1,3.2,8.5,6.7,14.6,6.5,7.6,1,5.2,6.2,7.3,2.2,0.7,3,1.9,29.4,112,105,7,7,0.366,0.326,0.382,0.412,0.943,37.1,8,21.9,2,6.1,6,15.7,4.7,5,0.4,2.6,3,4,1.3,0.6,1.7,1.4,22.7,7.8,21.2,1.9,6,5.8,15.2,4.6,4.8,0.4,2.5,2.9,3.9,1.2,0.6,1.7,1.4,22,18.2,0.472,0.281,0.229,1.2,8.5,4.6,24,1.8,1.2,6.7,33,-0.1,0.2,0.1,0.016,1.9,-1.8,0.1,0.1,11.4,31,2.8,8.7,8.5,22.3,6.7,7.1,0.6,3.7,4.3,5.7,1.8,0.8,2.4,2,32.3,97,110
Jerryd Bayless2017,0,0,0,8,2017,0,2.81685,0,0.341463415,0,0,0,0,0,1,0,0,0,0,19.9,4.1,1.8,2.2,5.1,28,3,1,0.344,0.4,0.333,0.375,0.9,23.7,3.7,10.7,0.7,1.7,3,9,3,3.3,1,3,4,4.3,0,0,3,1.3,11,5.6,16.2,1,2.5,4.6,13.7,4.6,5.1,1.5,4.6,6.1,6.6,0,0,4.6,2,16.7,8.7,0.453,0.156,0.313,4.6,14,9.3,29.4,0,0,19.8,27.7,-0.1,0,-0.1,-0.067,-5.2,-2.9,-8.2,-0.1,7.5,22,1.4,3.4,6.2,18.5,6.2,6.9,2.1,6.2,8.2,8.9,0,0,6.2,2.7,22.6,90,114,0,0,0,0,0,0,0,0,0,0,0,0,0,0,0,0,0,0,0,0,0,0,0,0,0,0,0,0,0,0,0,0,0,0,0,0,0,0,0,0,0,0,0,0,0,0,0,0,0,0,0,0,0,0,0,0,0,0,0,0,0,0,0,0,0,0,0,0,0,0,0,0,0,0,0,0,0,0,0,0,0
Omri Casspi2017,0,0,0,7,2017,1,2.41447,0.543637967,0.37804878,0,0,0,0,0,0,0,1,0,0,-32.6,-7.5,-7.6,0.1,-1,28,36,2,0.47,0.349,0.512,0.515,0.586,17.9,2.1,4.6,0.4,1.2,1.7,3.4,0.5,0.8,0.8,2.4,3.1,1,0.6,0.1,0.8,1.4,5.2,4.3,9.2,0.8,2.4,3.5,6.8,1,1.6,1.5,4.8,6.3,2.1,1.3,0.2,1.6,2.8,10.4,10,0.526,0.262,0.177,4.9,15.2,10.1,8.6,1.8,0.4,14.1,14.4,0.1,0.4,0.5,0.038,-2.4,-0.6,-3,-0.2,6.1,12.9,1.2,3.4,4.9,9.5,1.3,2.3,2.1,6.7,8.8,2.9,1.8,0.2,2.3,3.9,14.6,102,112,0,0,0,0,0,0,0,0,0,0,0,0,0,0,0,0,0,0,0,0,0,0,0,0,0,0,0,0,0,0,0,0,0,0,0,0,0,0,0,0,0,0,0,0,0,0,0,0,0,0,0,0,0,0,0,0,0,0,0,0,0,0,0,0,0,0,0,0,0,0,0,0,0,0,0,0,0,0,0,0,0
Ed Davis2017,0,0,0,6,2017,0,1.14177,0,0.5,0,0,0,0,0,0,0,0,1,0,-3.3,-1.8,-0.7,-1.3,-1.7,27,46,12,0.528,0,0.528,0.528,0.617,17.2,1.6,3.1,0,0,1.6,3.1,1.1,1.8,2.1,3.2,5.3,0.6,0.3,0.5,0.8,3,4.3,3.4,6.5,0,0,3.4,6.5,2.3,3.7,4.4,6.8,11.1,1.2,0.7,1,1.7,6.3,9.1,11.5,0.563,0,0.57,13.4,20.9,17.1,4.6,0.9,2.2,17.2,12,1,0.7,1.7,0.104,-2.2,0.1,-2.1,0,4.7,8.9,0,0,4.7,8.9,3.1,5.1,6,9.3,15.4,1.6,0.9,1.4,2.3,8.6,12.6,116,110,0,0,0,0,0,0,0,0,0,0,0,0,0,0,0,0,0,0,0,0,0,0,0,0,0,0,0,0,0,0,0,0,0,0,0,0,0,0,0,0,0,0,0,0,0,0,0,0,0,0,0,0,0,0,0,0,0,0,0,0,0,0,0,0,0,0,0,0,0,0,0,0,0,0,0,0,0,0,0,0,0
Jrue Holiday2017,0,0,1,7,2017,0,0.62402,0.097952787,0.414634146,0,0,0,0,0,1,0,0,0,0,-15.3,-2.5,-0.8,-1.9,-5.6,26,67,61,0.454,0.356,0.498,0.51,0.708,32.7,6,13.3,1.5,4.2,4.6,9.1,1.8,2.5,0.7,3.3,3.9,7.3,1.5,0.7,2.9,2,15.4,6.7,14.7,1.6,4.6,5,10.1,2,2.8,0.8,3.6,4.3,8,1.6,0.7,3.2,2.2,16.9,17.1,0.532,0.315,0.188,2.2,10.6,6.4,35.9,2.2,1.6,16.7,23.5,1.3,2.6,3.8,0.084,1.2,0.5,1.7,2,9.1,20,2.2,6.3,6.8,13.7,2.7,3.8,1,4.9,5.9,10.9,2.2,1,4.3,3,23,104,108,0,0,0,0,0,0,0,0,0,0,0,0,0,0,0,0,0,0,0,0,0,0,0,0,0,0,0,0,0,0,0,0,0,0,0,0,0,0,0,0,0,0,0,0,0,0,0,0,0,0,0,0,0,0,0,0,0,0,0,0,0,0,0,0,0,0,0,0,0,0,0,0,0,0,0,0,0,0,0,0,0
Lamar Patterson2017,0,0,0,1,2017,0,2.34139,0,0.524390244,0,0,0,0,0,0,1,0,0,0,-54.6,-12.8,-11.7,-1.2,-3.2,25,5,0,0.2,0.167,0.222,0.233,0.667,8,0.6,3,0.2,1.2,0.4,1.8,0.4,0.6,0.2,1.2,1.4,1.2,0.2,0,0.8,1.2,1.8,2.7,13.5,0.9,5.4,1.8,8.1,1.8,2.7,0.9,5.4,6.3,5.4,0.9,0,3.6,5.4,8.1,-1.9,0.276,0.4,0.2,2.8,16.3,9.6,21.1,1.2,0,19.7,22.2,-0.2,0,-0.1,-0.176,-9.9,-1.2,-11.2,-0.1,3.7,18.5,1.2,7.4,2.5,11.1,2.5,3.7,1.2,7.4,8.6,7.4,1.2,0,4.9,7.4,11.1,64,108,0,0,0,0,0,0,0,0,0,0,0,0,0,0,0,0,0,0,0,0,0,0,0,0,0,0,0,0,0,0,0,0,0,0,0,0,0,0,0,0,0,0,0,0,0,0,0,0,0,0,0,0,0,0,0,0,0,0,0,0,0,0,0,0,0,0,0,0,0,0,0,0,0,0,0,0,0,0,0,0,0
Miles Plumlee2017,0,0,0,4,2017,1,2.34139,0,0.43902439,0,0,0,0,0,0,0,0,0,1,-54.6,-12.8,-11.7,-1.2,-3.2,28,45,12,0.478,0,0.478,0.478,0.641,10.8,1,2,0,0,1,2,0.6,0.9,0.8,1.3,2.1,0.5,0.4,0.3,0.7,1.6,2.5,3.3,6.8,0,0,3.3,6.8,1.9,2.9,2.8,4.2,7.1,1.6,1.3,1,2.2,5.4,8.4,8.4,0.518,0,0.424,9,13.3,11.1,6.1,1.9,2.4,21.6,13.1,-0.1,0.5,0.5,0.045,-4.4,0.7,-3.6,-0.2,4.6,9.6,0,0,4.6,9.6,2.6,4.1,4,6,9.9,2.2,1.9,1.4,3.1,7.6,11.8,99,109,0,0,0,0,0,0,0,0,0,0,0,0,0,0,0,0,0,0,0,0,0,0,0,0,0,0,0,0,0,0,0,0,0,0,0,0,0,0,0,0,0,0,0,0,0,0,0,0,0,0,0,0,0,0,0,0,0,0,0,0,0,0,0,0,0,0,0,0,0,0,0,0,0,0,0,0,0,0,0,0,0
Dwyane Wade2017,0,0,1,13,2017,1,1.39947,0.426094622,0.5,0,0,0,0,0,0,1,0,0,0,23.3,7.3,5.6,1.7,3.7,35,60,59,0.434,0.31,0.456,0.457,0.794,29.9,6.9,15.9,0.8,2.4,6.2,13.5,3.7,4.7,1.1,3.5,4.5,3.8,1.4,0.7,2.3,1.9,18.3,8.3,19.2,0.9,2.9,7.4,16.3,4.5,5.6,1.3,4.2,5.4,4.6,1.7,0.8,2.8,2.3,22,18.5,0.508,0.152,0.294,3.8,12.6,8.1,22.3,2.4,1.8,11.3,29.6,0.9,2.5,3.4,0.09,0.4,0.6,1,1.3,11.6,26.8,1.3,4.1,10.4,22.8,6.3,7.9,1.8,5.8,7.6,6.4,2.4,1.2,3.9,3.1,30.8,103,106,6,6,0.372,0.353,0.377,0.407,0.952,31.7,5.3,14.3,1,2.8,4.3,11.5,3.3,3.5,1,4,5,4,0.8,1.3,1.7,1.3,15,6.1,16.3,1.1,3.2,4.9,13.1,3.8,4,1.1,4.5,5.7,4.5,0.9,1.5,1.9,1.5,17.1,15.5,0.472,0.198,0.244,3.6,13.9,8.8,21.5,1.4,4.3,9.5,25,0.1,0.2,0.2,0.063,-2.3,1.4,-0.9,0.1,8.8,23.6,1.6,4.7,7.1,18.9,5.5,5.8,1.6,6.6,8.2,6.6,1.4,2.2,2.7,2.2,24.7,104,112
Omri Casspi2018,0,0,0,8,2018,1,0.62339,0.384524092,0.707317073,0,0,0,0,0,0,0,1,0,0,-103.9,-16.2,-11.2,-5,-15.8,29,53,7,0.58,0.455,0.595,0.604,0.725,14,2.3,3.9,0.2,0.4,2.1,3.5,0.9,1.3,0.6,3.2,3.8,1,0.3,0.4,0.7,1.3,5.7,5.8,10.1,0.5,1.1,5.4,9,2.4,3.4,1.5,8.3,9.7,2.5,0.9,0.9,1.8,3.5,14.6,15.5,0.632,0.106,0.333,4.9,24,15.1,9.5,1.2,2,13.5,16.3,1.2,1,2.2,0.141,-1.5,0,-1.4,0.1,7.8,13.5,0.7,1.4,7.2,12,3.3,4.5,2,11.1,13,3.3,1.2,1.2,2.4,4.6,19.5,117,106,0,0,0,0,0,0,0,0,0,0,0,0,0,0,0,0,0,0,0,0,0,0,0,0,0,0,0,0,0,0,0,0,0,0,0,0,0,0,0,0,0,0,0,0,0,0,0,0,0,0,0,0,0,0,0,0,0,0,0,0,0,0,0,0,0,0,0,0,0,0,0,0,0,0,0,0,0,0,0,0,0
Larry Drew2018,0,0,0,3,2018,0,0.62402,0,0.585365854,0,0,0,0,0,1,0,0,0,0,0.3,0.1,3.3,-3.3,-7.3,27,10,0,0.292,0.333,0.267,0.354,0,7,0.7,2.4,0.3,0.9,0.4,1.5,0,0,0.3,0,0.3,1,0,0,0.3,0.6,1.7,3.6,12.3,1.5,4.6,2.1,7.7,0,0,1.5,0,1.5,5.1,0,0,1.5,3.1,8.7,2.9,0.354,0.375,0,4.8,0,2.3,18.5,0,0,11.1,16.6,-0.1,0,-0.1,-0.061,-5.4,-5.3,-10.7,-0.2,4.8,16.4,2,6.1,2.7,10.2,0,0,2,0,2,6.8,0,0,2,4.1,11.6,87,117,0,0,0,0,0,0,0,0,0,0,0,0,0,0,0,0,0,0,0,0,0,0,0,0,0,0,0,0,0,0,0,0,0,0,0,0,0,0,0,0,0,0,0,0,0,0,0,0,0,0,0,0,0,0,0,0,0,0,0,0,0,0,0,0,0,0,0,0,0,0,0,0,0,0,0,0,0,0,0,0,0
George Hill2018,0,0,0,9,2018,0,1.39947,1.267505341,0.609756098,0,0,0,0,0,1,0,0,0,0,53,9.5,5.7,3.6,9.6,31,67,60,0.46,0.415,0.49,0.543,0.786,27,3.5,7.7,1.3,3.1,2.3,4.6,1.6,2.1,0.6,2.1,2.7,2.8,0.9,0.4,1.3,1.9,10,4.7,10.2,1.7,4.1,3,6.1,2.2,2.8,0.8,2.8,3.6,3.7,1.2,0.5,1.7,2.5,13.3,13.3,0.58,0.4,0.273,2.6,8.9,5.7,15,1.7,1.3,13.3,16.3,2.3,0.9,3.2,0.085,0.3,-0.9,-0.6,0.6,6.5,14.1,2.3,5.7,4.2,8.5,3,3.9,1.2,3.8,5,5.1,1.7,0.7,2.4,3.5,18.4,113,113,19,18,0.45,0.314,0.538,0.511,0.774,29.3,3.1,6.9,0.8,2.7,2.3,4.2,2.2,2.8,0.7,1.5,2.2,2.2,0.5,0.4,1.2,2.7,9.2,3.8,8.5,1,3.3,2.8,5.2,2.6,3.4,0.8,1.8,2.6,2.7,0.6,0.5,1.4,3.4,11.3,10.5,0.567,0.389,0.405,2.7,6.1,4.4,11.5,0.9,1.3,12.5,14.6,0.6,0.2,0.8,0.072,-0.5,-1,-1.5,0.1,5.5,12.3,1.5,4.8,4,7.5,3.9,5,1.2,2.6,3.9,4,0.9,0.8,2.1,4.9,16.5,113,115
Luke Kennard2018,0,0,0,0,2018,0,1.77724,0,0.475609756,0,0,0,0,0,0,1,0,0,0,-29.9,-2.9,-1.8,-1.2,-5,21,73,9,0.443,0.415,0.463,0.53,0.855,20,2.8,6.4,1.1,2.7,1.7,3.7,0.9,1,0.3,2.1,2.4,1.7,0.6,0.2,0.9,1.2,7.6,5.1,11.4,2,4.8,3.1,6.6,1.6,1.9,0.5,3.8,4.3,3.1,1.1,0.3,1.7,2.1,13.7,12.1,0.56,0.419,0.163,1.6,11.9,6.6,12.7,1.5,0.8,12.2,17.2,1.1,1.4,2.6,0.085,-1.1,-0.4,-1.5,0.2,7,15.9,2.8,6.6,4.3,9.2,2.2,2.6,0.7,5.3,6,4.2,1.5,0.4,2.4,2.9,19,108,109,0,0,0,0,0,0,0,0,0,0,0,0,0,0,0,0,0,0,0,0,0,0,0,0,0,0,0,0,0,0,0,0,0,0,0,0,0,0,0,0,0,0,0,0,0,0,0,0,0,0,0,0,0,0,0,0,0,0,0,0,0,0,0,0,0,0,0,0,0,0,0,0,0,0,0,0,0,0,0,0,0
C.J. Miles2018,0,0,0,12,2018,0,4.857333333,0,0.719512195,0,0,0,0,0,0,0,1,0,0,46.5,6.6,2.1,4.3,1.27E+01,30,70,3,0.379,0.361,0.434,0.516,0.835,19.1,3.2,8.6,2.3,6.5,0.9,2.1,1.2,1.4,0.3,1.9,2.2,0.8,0.5,0.3,0.6,1.9,10,6.1,16.1,4.4,12.2,1.7,3.9,2.2,2.6,0.5,3.6,4.1,1.5,1,0.6,1.1,3.6,18.8,13,0.545,0.758,0.162,1.5,11,6.4,6,1.4,1.3,5.7,22.3,1.4,1.5,2.9,0.103,1.7,-2.2,-0.5,0.5,8.4,22.1,6,16.7,2.3,5.3,3,3.6,0.7,4.9,5.6,2,1.4,0.8,1.4,4.9,25.8,109,108,10,1,0.451,0.422,0.5,0.585,0.813,22.7,3.2,7.1,1.9,4.5,1.3,2.6,1.3,1.6,0.6,1.8,2.4,0.8,0.7,0.3,0.9,2.1,9.6,5.1,11.3,3,7.1,2.1,4.1,2.1,2.5,1,2.9,3.8,1.3,1.1,0.5,1.4,3.3,15.2,13.1,0.615,0.634,0.225,3.2,9.9,6.5,5.3,1.6,1,10.3,17.4,0.4,0,0.3,0.073,2,-1.7,0.3,0.1,7.1,15.8,4.2,10,2.9,5.8,2.9,3.6,1.3,4,5.4,1.8,1.6,0.7,2,4.7,21.4,116,118
Kyle O'Quinn2018,0,0,0,5,2018,1,0.99979,0,0.353658537,0,0,0,0,0,0,0,0,0,1,24.1,7.2,5.4,1.8,3.6,27,77,10,0.583,0.235,0.599,0.589,0.772,18,2.9,5,0.1,0.2,2.9,4.8,1.3,1.6,1.6,4.5,6.1,2.1,0.5,1.3,1.3,2.5,7.1,5.8,10,0.1,0.4,5.7,9.5,2.5,3.3,3.1,9.1,12.2,4.1,0.9,2.5,2.6,5,14.3,20,0.625,0.044,0.331,9.7,27.8,18.8,16.8,1.3,6.1,18.5,17,2.7,2.1,4.8,0.166,0.3,4.3,4.5,2.3,8,13.7,0.1,0.6,7.9,13.1,3.5,4.5,4.3,12.5,16.8,5.6,1.3,3.5,3.6,6.9,19.7,118,105,0,0,0,0,0,0,0,0,0,0,0,0,0,0,0,0,0,0,0,0,0,0,0,0,0,0,0,0,0,0,0,0,0,0,0,0,0,0,0,0,0,0,0,0,0,0,0,0,0,0,0,0,0,0,0,0,0,0,0,0,0,0,0,0,0,0,0,0,0,0,0,0,0,0,0,0,0,0,0,0,0
James Webb2018,0,0,0,0,2018,0,2.366766667,0,0.341463415,0,0,0,0,0,0,0,1,0,0,-58.7,-7.7,-2.9,-4.7,-15.6,24,10,0,0.25,0.211,0.4,0.333,0,12,0.6,2.4,0.4,1.9,0.2,0.5,0,0,0.8,1.6,2.4,0.4,0.1,0,0.4,1,1.6,1.8,7.2,1.2,5.7,0.6,1.5,0,0,2.4,4.8,7.2,1.2,0.3,0,1.2,3,4.8,2.2,0.333,0.792,0,7,14.3,10.6,4.5,0.4,0,14.3,10.1,-0.1,0,-0.1,-0.041,-5.1,-1.5,-6.6,-0.1,2.4,9.7,1.6,7.7,0.8,2,0,0,3.2,6.5,9.7,1.6,0.4,0,1.6,4,6.5,81,114,0,0,0,0,0,0,0,0,0,0,0,0,0,0,0,0,0,0,0,0,0,0,0,0,0,0,0,0,0,0,0,0,0,0,0,0,0,0,0,0,0,0,0,0,0,0,0,0,0,0,0,0,0,0,0,0,0,0,0,0,0,0,0,0,0,0,0,0,0,0,0,0,0,0,0,0,0,0,0,0,0